INSERT INTO employee (eid, firstname, lastname, street, post_code, city, country, remaining_leave, email, position, password) VALUES
('EMPLOYEE-157314099170606-0001', 'Tony','Stark','9 rue du chene germain','22700','Lannion','France',25.0,'tony.stark@marvel.com','Director','$2a$10$TCdrvG6zWUwrryQ.7Id6Qe9lJCWXaykTFH1vfRyrSRkmF5KK0DoCa'),
('EMPLOYEE-157314099170606-0002', 'Thor','Odinson','5 avenue Asgardian ','22700','Lannion','France',25.0,'thor@marvel.com','God','$2a$10$i/8ECxz8OTwlvVxHwKzEaOq7kWYy/OWNDVo8JcOQsb5yk.Je.9gFW'),
('EMPLOYEE-157314099170606-0003', 'Henry','Jonathan','rue','0000','Nebraska','USA',15.0,'antman@marvel.com','Ant-man','$2a$10$P0OMU1.5XRSCab/ovZ11JuhBdPsYLaL54CrV9rqVGAAIC23lWvlo2'),
('EMPLOYEE-157314099170606-0004', 'Bruce','Banner','9 rue du labo','58695','Secret','USA',17.0,'hulk@marvel.com','doctor','$2a$10$3RqwnPGFwpiBfp.0XTWy5ubcoqWlNugLtDlicYmFG4PFhHvMyZwZS'),
('EMPLOYEE-157314099170606-0005', 'Steve','Rogers','0 rue du pole nord','0000','PoleNord','Danemark',19.0,'captain@marvel.com','Captain America','$2a$10$DEdu0Y32xX3vOqpJZnQPVOzC/4FhpcgNzQmhVzDtyAJBUOe6ajYKe'),
('EMPLOYEE-157314099170606-0006', 'Clinton','Barton','5 branche','124578','Arbre','Terre',25.0,'hawkeye@marvel.com','Hawkeye','$2a$10$YP8uoFzmus3jmKBXssoQUuunhmzsLbrTqm0UlLMQS0J/40hb9RIEm'),
('EMPLOYEE-157314099170606-0007', 'T','Challa','1 tour','1234','Wakanda','Africa',5.0,'blackpanther@marvel.com','Black Panther','$2a$10$PnNN.7lBHi7RBzyb8F2k6e4A8LIofAy5fEa.lfv/a5ALnkyi6aaFa'),
('EMPLOYEE-157314099170606-0008', 'Natasha','Romanoff','1 rue du fantome','4569','Moscou','Russie',25.0,'blackwidow@marvel.com','Black Widow','$2a$10$yaAMX.0ubVOhUarMTTlWGOM2k3dyEseqj4VYzQuZuRRqrxkHK4EUC'),
('EMPLOYEE-157314099170606-0009', 'Monica','Rambeau','partout','00','dans la','Galaxie',21.0,'captainmarvel@marvel.com','Captain Marvel','$2a$10$mPKK/CRsEA9Wz5K2mw3JGOJVysJV8CM0QSbm6ZLKZWKjhk6oxjOzu'),
('EMPLOYEE-157314099170606-0010', 'Peter','Parker','quelque part','000','New York','USA',23.0,'spiderman@marvel.com','Spider Man','$2a$10$9xb3/9UAmHG4pbUI8ipsH.cx912tRPr8ybg32Ocr538tURvHoZ7gC');

INSERT INTO hr VALUES
('EMPLOYEE-157314099170606-0001'),
('EMPLOYEE-157314099170606-0002'),
('EMPLOYEE-157314099170606-0005'),
('EMPLOYEE-157314099170606-0006'),
('EMPLOYEE-157314099170606-0008');

INSERT INTO team_leader VALUES
('EMPLOYEE-157314099170606-0002'),
('EMPLOYEE-157314099170606-0005'),
('EMPLOYEE-157314099170606-0001'),
('EMPLOYEE-157314099170606-0007');

INSERT INTO hrd VALUES
('EMPLOYEE-157314099170606-0001'),
('EMPLOYEE-157314099170606-0002');

INSERT INTO department (id, name) VALUES
('DEPARTMENT-157314099170606-0001', 'Space'),
('DEPARTMENT-157314099170606-0002', 'Recherche'),
('DEPARTMENT-157314099170606-0003', 'R&D');

INSERT INTO team (id, name, dept_id, leader_id) VALUES
('TEAM-157314099170606-0001', 'Stark corporation', 'DEPARTMENT-157314099170606-0003', 'EMPLOYEE-157314099170606-0001'),
('TEAM-157314099170606-0002', 'Bifrost traveler', 'DEPARTMENT-157314099170606-0001', 'EMPLOYEE-157314099170606-0002'),
('TEAM-157314099170606-0003', 'Frozen', 'DEPARTMENT-157314099170606-0002', 'EMPLOYEE-157314099170606-0005'),
('TEAM-157314099170606-0004', 'Wakanda team', 'DEPARTMENT-157314099170606-0003', 'EMPLOYEE-157314099170606-0007');

INSERT INTO employee_team (eid, team_id) VALUES
('EMPLOYEE-157314099170606-0001','TEAM-157314099170606-0001'),
('EMPLOYEE-157314099170606-0003','TEAM-157314099170606-0001'),
('EMPLOYEE-157314099170606-0004','TEAM-157314099170606-0001'),
('EMPLOYEE-157314099170606-0010','TEAM-157314099170606-0001'),
('EMPLOYEE-157314099170606-0002','TEAM-157314099170606-0002'),
('EMPLOYEE-157314099170606-0009','TEAM-157314099170606-0002'),
('EMPLOYEE-157314099170606-0005','TEAM-157314099170606-0003'),
('EMPLOYEE-157314099170606-0006','TEAM-157314099170606-0003'),
('EMPLOYEE-157314099170606-0008','TEAM-157314099170606-0003'),
('EMPLOYEE-157314099170606-0007','TEAM-157314099170606-0004'),
('EMPLOYEE-157314099170606-0005','TEAM-157314099170606-0004');

INSERT INTO type_of_leave (id, name, description, is_archived) VALUES
('TYPEOFLEAVE-157314099170606-0001', 'CA', 'Congés Annuels', false),
('TYPEOFLEAVE-157314099170606-0002', 'RTT', 'Réduction du temps de travail', false),
('TYPEOFLEAVE-157314099170606-0003', 'Familliale', 'enfants, etc..', false),
('TYPEOFLEAVE-157314099170606-0004', 'CF', 'Congés Forcés', true);

INSERT INTO leave_request (lrid, reason, status, creation_date, last_edition_date, starting_date, ending_date, hr_comment, eid, hr_eid, type_id) VALUES
('LEAVEREQUEST-157314099170606-0001', 'vacances', 'PENDING', TIMESTAMP '2020-11-17 18:10:00', TIMESTAMP '2020-11-17 18:10:00', TIMESTAMP '2020-11-20 00:00:00', TIMESTAMP '2020-11-28 23:59:00', '', 'EMPLOYEE-157314099170606-0001', null, 'TYPEOFLEAVE-157314099170606-0001'),
('LEAVEREQUEST-157314099170606-0002', 'jour de repos', 'CANCELLED', TIMESTAMP '2019-11-17 18:10:00', TIMESTAMP '2019-11-17 18:10:00', TIMESTAMP '2019-11-18 00:00:00', TIMESTAMP '2019-11-18 23:59:00', '', 'EMPLOYEE-157314099170606-0001', 'EMPLOYEE-157314099170606-0001', 'TYPEOFLEAVE-157314099170606-0002'),
('LEAVEREQUEST-157314099170606-0003', 'fils malade', 'ACCEPTED', TIMESTAMP '2019-11-17 18:10:00', TIMESTAMP '2019-11-17 18:10:00', TIMESTAMP '2019-11-17 00:00:00', TIMESTAMP '2019-11-17 23:59:00', 'Bon courage', 'EMPLOYEE-157314099170606-0001', 'EMPLOYEE-157314099170606-0002', 'TYPEOFLEAVE-157314099170606-0003'),
('LEAVEREQUEST-157314099170606-0004', 'pourquoi pas', 'DECLINED', TIMESTAMP '2019-11-17 18:10:00', TIMESTAMP '2019-11-17 18:10:00', TIMESTAMP '2019-11-22 00:00:00', TIMESTAMP '2019-11-25 23:59:00', 'ce nest pas une raison valable', 'EMPLOYEE-157314099170606-0001', 'EMPLOYEE-157314099170606-0005', 'TYPEOFLEAVE-157314099170606-0001');